{"resourceType":"Location","id":"0","name":"SMART Vaccine Clinic Boston","telecom":[{"system":"phone","value":"000-000-0000"}],"address":{"line":["123 Summer St"],"city":"Boston","state":"MA","postalCode":"02114"}}
{"resourceType":"Location","id":"1","name":"SMART Vaccine Clinic Worcester","telecom":[{"system":"phone","value":"000-000-0000"}],"address":{"line":["123 West St"],"city":"Worcester","state":"MA","postalCode":"01602"}}
{"resourceType":"Location","id":"2","name":"SMART Vaccine Clinic Springfield","telecom":[{"system":"phone","value":"000-000-0000"}],"address":{"line":["123 Ash St"],"city":"Springfield","state":"MA","postalCode":"01101"}}
{"resourceType":"Location","id":"3","name":"SMART Vaccine Clinic Cambridge","telecom":[{"system":"phone","value":"000-000-0000"}],"address":{"line":["123 Arrow St"],"city":"Cambridge","state":"MA","postalCode":"02139"}}
{"resourceType":"Location","id":"4","name":"SMART Vaccine Clinic Lowell","telecom":[{"system":"phone","value":"000-000-0000"}],"address":{"line":["123 Peach St"],"city":"Lowell","state":"MA","postalCode":"01851"}}
{"resourceType":"Location","id":"5","name":"SMART Vaccine Clinic Brockton","telecom":[{"system":"phone","value":"000-000-0000"}],"address":{"line":["123 Oak St"],"city":"Brockton","state":"MA","postalCode":"02301"}}
{"resourceType":"Location","id":"6","name":"SMART Vaccine Clinic New Bedford","telecom":[{"system":"phone","value":"000-000-0000"}],"address":{"line":["123 Cyprus St"],"city":"New Bedford","state":"MA","postalCode":"02740"}}
{"resourceType":"Location","id":"7","name":"SMART Vaccine Clinic Lynn","telecom":[{"system":"phone","value":"000-000-0000"}],"address":{"line":["123 Cherry St"],"city":"Lynn","state":"MA","postalCode":"01901"}}
{"resourceType":"Location","id":"8","name":"SMART Vaccine Clinic Quincy","telecom":[{"system":"phone","value":"000-000-0000"}],"address":{"line":["123 Cranberry St"],"city":"Quincy","state":"MA","postalCode":"02269"}}
{"resourceType":"Location","id":"9","name":"SMART Vaccine Clinic Pittsfield","telecom":[{"system":"phone","value":"000-000-0000"}],"address":{"line":["123 Elm St"],"city":"Pittsfield","state":"MA","postalCode":"01201"}}